id,first_name,last_name,email,gender,ip_address
1,Herc,Crowne,hcrowne0@angelfire.com,Male,177.198.220.167
2,Rufus,Spurgin,rspurgin1@typepad.com,Male,11.9.223.24
3,Eachelle,Postill,epostill2@shop-pro.jp,Genderfluid,237.109.233.62
4,Maxy,Imeson,mimeson3@godaddy.com,Male,16.79.51.99
5,Aveline,Tatlow,atatlow4@purevolume.com,Female,202.195.94.188
6,Blondy,Faircley,bfaircley5@ft.com,Agender,91.45.70.171
7,Skyler,Hemerijk,shemerijk6@buzzfeed.com,Male,18.141.194.3
8,Prince,Kaubisch,pkaubisch7@parallels.com,Male,116.132.34.203
9,Weston,Eccleston,weccleston8@sakura.ne.jp,Male,94.34.98.101
10,Marleen,Hitzschke,mhitzschke9@blog.com,Female,43.93.251.54
11,Winona,Peak,wpeaka@reference.com,Female,196.193.169.190
12,Electra,Boxen,eboxenb@ustream.tv,Female,4.163.110.8
13,Even,Sodory,esodoryc@miitbeian.gov.cn,Male,124.233.102.105
14,Velma,Bindin,vbindind@reverbnation.com,Female,47.196.13.134
15,Wes,Fawlks,wfawlkse@accuweather.com,Male,60.252.48.19
16,Nero,Satterly,nsatterlyf@t-online.de,Male,84.231.217.154
17,Brena,Smellie,bsmellieg@google.com,Female,5.86.218.192
18,Amargo,Lathleiff,alathleiffh@hostgator.com,Genderfluid,143.104.202.222
19,Ambrosio,Bonnesen,abonneseni@woothemes.com,Male,172.230.246.198
20,Lisbeth,Greguol,lgreguolj@buzzfeed.com,Female,66.159.1.237
21,Mark,Tite,mtitek@purevolume.com,Male,255.72.156.228
22,Flossie,Eeles,feelesl@cloudflare.com,Female,73.245.144.6
23,Bevon,Rentilll,brentilllm@fema.gov,Male,90.30.158.63
24,Kristian,Dovydenas,kdovydenasn@fda.gov,Male,211.28.187.146
25,Reed,Wayman,rwaymano@networksolutions.com,Male,155.121.54.1
26,Sallee,Brandli,sbrandlip@google.com,Female,182.111.137.142
27,Salaidh,Hof,shofq@wiley.com,Female,24.144.75.214
28,Mildred,Boarer,mboarerr@businessinsider.com,Female,67.126.225.37
29,Sebastien,Child,schilds@ucsd.edu,Male,201.237.144.246
30,Gabie,Braxton,gbraxtont@surveymonkey.com,Male,194.92.131.180
31,Addie,Birkby,abirkbyu@bbc.co.uk,Male,211.85.28.70
32,Granny,Rosas,grosasv@wsj.com,Male,44.151.114.53
33,Patten,Scallon,pscallonw@cnet.com,Male,221.114.191.103
34,Abie,Oslar,aoslarx@miitbeian.gov.cn,Male,135.72.182.116
35,Ginelle,Hallawell,ghallawelly@discovery.com,Female,18.12.123.152
36,Sidney,Nortunen,snortunenz@ox.ac.uk,Male,111.156.172.102
37,Alexandre,Smythe,asmythe10@amazon.de,Male,255.74.210.49
38,Kore,Stivers,kstivers11@go.com,Polygender,249.175.41.252
39,Celestine,Ascrofte,cascrofte12@wikimedia.org,Female,188.242.95.156
40,Kelcie,Bellison,kbellison13@histats.com,Female,187.230.181.138
41,Demott,Sharma,dsharma14@utexas.edu,Male,133.170.26.157
42,Aylmer,Reddin,areddin15@foxnews.com,Male,224.108.161.94
43,Gisela,Redler,gredler16@hugedomains.com,Female,254.117.201.246
44,Taddeo,Crenshaw,tcrenshaw17@engadget.com,Male,68.76.31.10
45,Blondell,Fedorski,bfedorski18@etsy.com,Non-binary,50.150.7.52
46,Randolph,Sawtell,rsawtell19@bluehost.com,Male,4.108.236.175
47,Parke,Tice,ptice1a@discovery.com,Male,222.170.81.202
48,Elvina,McEwan,emcewan1b@lycos.com,Female,165.125.77.5
49,Karilynn,Russell,krussell1c@edublogs.org,Female,66.185.224.15
50,Arlen,Raddon,araddon1d@harvard.edu,Male,242.218.8.239
